scope,tableName,length,pattern,sample,next_B,next_P,B_rate,P_rate,best_side,best_rate
global,ALL,2,BB,6720,3848,2872,57.2619,42.7381,B,57.2619
global,ALL,2,PP,6388,2820,3568,44.1453,55.8547,P,55.8547
global,ALL,2,BP,4750,1946,2804,40.9684,59.0316,P,59.0316
global,ALL,2,PB,4744,2838,1906,59.8229,40.1771,B,59.8229
global,ALL,3,BBB,3784,2161,1623,57.1089,42.8911,B,57.1089
global,ALL,3,PPP,3502,1564,1938,44.6602,55.3398,P,55.3398
global,ALL,3,BBP,2805,1185,1620,42.246,57.754,P,57.754
global,ALL,3,PBB,2786,1608,1178,57.7172,42.2828,B,57.7172
global,ALL,3,PPB,2755,1647,1108,59.7822,40.2178,B,59.7822
global,ALL,3,BPP,2750,1191,1559,43.3091,56.6909,P,56.6909
global,ALL,3,BPB,1896,1139,757,60.0738,39.9262,B,60.0738
global,ALL,3,PBP,1857,722,1135,38.8799,61.1201,P,61.1201
global,ALL,4,BBBB,2124,1219,905,57.3917,42.6083,B,57.3917
global,ALL,4,PPPP,1898,854,1044,44.9947,55.0053,P,55.0053
global,ALL,4,PPBB,1613,933,680,57.8425,42.1575,B,57.8425
global,ALL,4,BBPP,1587,661,926,41.6509,58.3491,P,58.3491
global,ALL,4,BBBP,1583,663,920,41.8825,58.1175,P,58.1175
global,ALL,4,PBBB,1581,896,685,56.673,43.327,B,56.673
global,ALL,4,BPPP,1533,683,850,44.5532,55.4468,P,55.4468
global,ALL,4,PPPB,1527,905,622,59.2665,40.7335,B,59.2665
global,ALL,4,BPPB,1164,704,460,60.4811,39.5189,B,60.4811
global,ALL,4,BBPB,1152,675,477,58.5938,41.4062,B,58.5938
global,ALL,4,PBBP,1151,494,657,42.9192,57.0808,P,57.0808
global,ALL,4,BPBB,1121,643,478,57.3595,42.6405,B,57.3595
global,ALL,4,PBPP,1114,512,602,45.9605,54.0395,P,54.0395
global,ALL,4,PPBP,1082,419,663,38.7246,61.2754,P,61.2754
global,ALL,4,BPBP,734,282,452,38.4196,61.5804,P,61.5804
global,ALL,4,PBPB,705,434,271,61.5603,38.4397,B,61.5603
global,ALL,5,BBBBB,1202,702,500,58.4027,41.5973,B,58.4027
global,ALL,5,PPPPP,1020,470,550,46.0784,53.9216,P,53.9216
global,ALL,5,PPBBB,920,514,406,55.8696,44.1304,B,55.8696
global,ALL,5,BBPPP,908,386,522,42.511,57.489,P,57.489
global,ALL,5,BBBPP,899,384,515,42.7141,57.2859,P,57.2859
global,ALL,5,PPPBB,886,498,388,56.2077,43.7923,B,56.2077
global,ALL,5,BBBBP,880,372,508,42.2727,57.7273,P,57.7273
global,ALL,5,PBBBB,876,496,380,56.621,43.379,B,56.621
global,ALL,5,PPPPB,836,494,342,59.0909,40.9091,B,59.0909
global,ALL,5,BPPPP,834,363,471,43.5252,56.4748,P,56.4748
global,ALL,5,BPPBB,689,409,280,59.3614,40.6386,B,59.3614
global,ALL,5,PBBBP,670,278,392,41.4925,58.5075,P,58.5075
global,ALL,5,PPBBP,666,258,408,38.7387,61.2613,P,61.2613
global,ALL,5,BBPBB,664,393,271,59.1867,40.8133,B,59.1867
global,ALL,5,BPPPB,664,399,265,60.0904,39.9096,B,60.0904
global,ALL,5,PPBPP,655,285,370,43.5115,56.4885,P,56.4885
global,ALL,5,BBBPB,645,375,270,58.1395,41.8605,B,58.1395
global,ALL,5,BBPPB,645,385,260,59.6899,40.3101,B,59.6899
global,ALL,5,PBBPP,645,256,389,39.6899,60.3101,P,60.3101
global,ALL,5,BPBBB,629,364,265,57.8696,42.1304,B,57.8696
global,ALL,5,PPPBP,602,234,368,38.8704,61.1296,P,61.1296
global,ALL,5,PBPPP,594,281,313,47.3064,52.6936,P,52.6936
global,ALL,5,PBPPB,501,304,197,60.6786,39.3214,B,60.6786
global,ALL,5,PBBPB,479,281,198,58.6639,41.3361,B,58.6639
global,ALL,5,BPBBP,465,223,242,47.957,52.043,P,52.043
global,ALL,5,BBPBP,458,174,284,37.9913,62.0087,P,62.0087
global,ALL,5,BPPBP,454,169,285,37.2247,62.7753,P,62.7753
global,ALL,5,BPBPP,439,218,221,49.6583,50.3417,P,50.3417
global,ALL,5,PBPBB,427,230,197,53.8642,46.1358,B,53.8642
global,ALL,5,PPBPB,410,259,151,63.1707,36.8293,B,63.1707
global,ALL,5,BPBPB,274,163,111,59.4891,40.5109,B,59.4891
global,ALL,5,PBPBP,267,103,164,38.5768,61.4232,P,61.4232
global,ALL,6,BBBBBB,689,403,286,58.4906,41.5094,B,58.4906
global,ALL,6,PPPPPP,537,250,287,46.5549,53.4451,P,53.4451
global,ALL,6,BBPPPP,513,218,295,42.4951,57.5049,P,57.5049
global,ALL,6,BBBPPP,503,202,301,40.159,59.841,P,59.841
global,ALL,6,PPBBBB,502,281,221,55.9761,44.0239,B,55.9761
global,ALL,6,BBBBPP,498,210,288,42.1687,57.8313,P,57.8313
global,ALL,6,PBBBBB,492,285,207,57.9268,42.0732,B,57.9268
global,ALL,6,PPPBBB,491,257,234,52.3422,47.6578,B,52.3422
global,ALL,6,PPPPBB,484,284,200,58.6777,41.3223,B,58.6777
global,ALL,6,BBBBBP,481,212,269,44.0748,55.9252,P,55.9252
global,ALL,6,PPPPPB,461,277,184,60.0868,39.9132,B,60.0868
global,ALL,6,BPPPPP,460,209,251,45.4348,54.5652,P,54.5652
global,ALL,6,BPPBBB,403,246,157,61.0422,38.9578,B,61.0422
global,ALL,6,PPBBPP,402,153,249,38.0597,61.9403,P,61.9403
global,ALL,6,PPBBBP,395,170,225,43.038,56.962,P,56.962
global,ALL,6,BPPPBB,390,206,184,52.8205,47.1795,B,52.8205
global,ALL,6,BBPBBB,384,220,164,57.2917,42.7083,B,57.2917
global,ALL,6,PBBPPP,383,176,207,45.953,54.047,P,54.047
global,ALL,6,PBBBPP,381,166,215,43.5696,56.4304,P,56.4304
global,ALL,6,PPPBBP,380,140,240,36.8421,63.1579,P,63.1579
global,ALL,6,BBPPPB,377,229,148,60.7427,39.2573,B,60.7427
global,ALL,6,BBPPBB,375,225,150,60.0,40.0,B,60.0
global,ALL,6,PBBBBP,374,150,224,40.107,59.893,P,59.893
global,ALL,6,BBBPPB,373,230,143,61.6622,38.3378,B,61.6622
global,ALL,6,BBBPBB,368,211,157,57.337,42.663,B,57.337
global,ALL,6,PPBPPP,366,168,198,45.9016,54.0984,P,54.0984
global,ALL,6,PPPBPP,363,159,204,43.8017,56.1983,P,56.1983
global,ALL,6,BBBBPB,361,216,145,59.8338,40.1662,B,59.8338
global,ALL,6,BPBBBB,356,205,151,57.5843,42.4157,B,57.5843
global,ALL,6,BPPPPB,354,204,150,57.6271,42.3729,B,57.6271
global,ALL,6,PPPPBP,330,125,205,37.8788,62.1212,P,62.1212
global,ALL,6,PBPPPP,306,139,167,45.4248,54.5752,P,54.5752
global,ALL,6,PBPPBB,299,173,126,57.8595,42.1405,B,57.8595
global,ALL,6,BPPBPP,282,122,160,43.2624,56.7376,P,56.7376
global,ALL,6,BBPBPP,278,133,145,47.8417,52.1583,P,52.1583
global,ALL,6,PBBPBB,277,171,106,61.7329,38.2671,B,61.7329
global,ALL,6,PPBPPB,276,163,113,59.058,40.942,B,59.058
global,ALL,6,BPPBBP,274,111,163,40.5109,59.4891,P,59.4891
global,ALL,6,PBBBPB,271,152,119,56.0886,43.9114,B,56.0886
global,ALL,6,PBPPPB,271,161,110,59.4096,40.5904,B,59.4096
global,ALL,6,BBPBBP,264,122,142,46.2121,53.7879,P,53.7879
global,ALL,6,BPBBBP,261,101,160,38.6973,61.3027,P,61.3027
global,ALL,6,BBBPBP,257,97,160,37.7432,62.2568,P,62.2568
global,ALL,6,BPPPBP,257,104,153,40.4669,59.5331,P,59.5331
global,ALL,6,BBPPBP,255,91,164,35.6863,64.3137,P,64.3137
global,ALL,6,PPBPBB,254,145,109,57.0866,42.9134,B,57.0866
global,ALL,6,PBBPPB,251,144,107,57.3705,42.6295,B,57.3705
global,ALL,6,PPBBPB,247,146,101,59.1093,40.8907,B,59.1093
global,ALL,6,BPBBPP,236,99,137,41.9492,58.0508,P,58.0508
global,ALL,6,PPPBPB,228,141,87,61.8421,38.1579,B,61.8421
global,ALL,6,PBPBBB,225,132,93,58.6667,41.3333,B,58.6667
global,ALL,6,BPBBPB,219,127,92,57.9909,42.0091,B,57.9909
global,ALL,6,BPBPPP,217,110,107,50.6912,49.3088,B,50.6912
global,ALL,6,BPBPPB,216,136,80,62.963,37.037,B,62.963
global,ALL,6,PBPPBP,196,77,119,39.2857,60.7143,P,60.7143
global,ALL,6,PBBPBP,192,76,116,39.5833,60.4167,P,60.4167
global,ALL,6,PBPBBP,191,96,95,50.2618,49.7382,B,50.2618
global,ALL,6,BBPBPB,170,103,67,60.5882,39.4118,B,60.5882
global,ALL,6,BPPBPB,166,107,59,64.4578,35.5422,B,64.4578
global,ALL,6,BPBPBB,161,79,82,49.0683,50.9317,P,50.9317
global,ALL,6,PBPBPP,157,84,73,53.5032,46.4968,B,53.5032
global,ALL,6,PPBPBP,149,57,92,38.255,61.745,P,61.745
global,ALL,6,BPBPBP,109,43,66,39.4495,60.5505,P,60.5505
global,ALL,6,PBPBPB,99,56,43,56.5657,43.4343,B,56.5657
global,ALL,7,BBBBBBB,399,227,172,56.8922,43.1078,B,56.8922
global,ALL,7,BBBPPPP,299,125,174,41.806,58.194,P,58.194
global,ALL,7,BBPPPPP,288,126,162,43.75,56.25,P,56.25
global,ALL,7,BBBBPPP,281,107,174,38.0783,61.9217,P,61.9217
global,ALL,7,PPPPBBB,281,142,139,50.5338,49.4662,B,50.5338
global,ALL,7,PPBBBBB,279,158,121,56.6308,43.3692,B,56.6308
global,ALL,7,PPPPPPP,278,126,152,45.3237,54.6763,P,54.6763
global,ALL,7,PBBBBBB,276,166,110,60.1449,39.8551,B,60.1449
global,ALL,7,BBBBBBP,275,115,160,41.8182,58.1818,P,58.1818
global,ALL,7,PPPPPBB,271,166,105,61.2546,38.7454,B,61.2546
global,ALL,7,BBBBBPP,263,113,150,42.9658,57.0342,P,57.0342
global,ALL,7,PPPBBBB,250,137,113,54.8,45.2,B,54.8
global,ALL,7,BPPPPPP,247,117,130,47.3684,52.6316,P,52.6316
global,ALL,7,PPBBPPP,246,116,130,47.1545,52.8455,P,52.8455
global,ALL,7,PPPPPPB,243,142,101,58.4362,41.5638,B,58.4362
global,ALL,7,BPPBBBB,241,139,102,57.6763,42.3237,B,57.6763
global,ALL,7,PPPBBPP,238,92,146,38.6555,61.3445,P,61.3445
global,ALL,7,PPPBBBP,228,101,127,44.2982,55.7018,P,55.7018
global,ALL,7,BBBPPBB,224,135,89,60.2679,39.7321,B,60.2679
global,ALL,7,BBPPBBB,223,130,93,58.296,41.704,B,58.296
global,ALL,7,BBPPPBB,222,107,115,48.1982,51.8018,P,51.8018
global,ALL,7,PBBBBPP,220,91,129,41.3636,58.6364,P,58.6364
global,ALL,7,PPBBBPP,220,85,135,38.6364,61.3636,P,61.3636
global,ALL,7,PPBBBBP,217,88,129,40.553,59.447,P,59.447
global,ALL,7,BBPBBBB,214,113,101,52.8037,47.1963,B,52.8037
global,ALL,7,BBBBPBB,212,125,87,58.9623,41.0377,B,58.9623
global,ALL,7,BBPPPPB,212,119,93,56.1321,43.8679,B,56.1321
global,ALL,7,PBBBPPP,210,89,121,42.381,57.619,P,57.619
global,ALL,7,BBBBBPB,208,126,82,60.5769,39.4231,B,60.5769
global,ALL,7,BPPPPPB,208,128,80,61.5385,38.4615,B,61.5385
global,ALL,7,BBBPBBB,207,126,81,60.8696,39.1304,B,60.8696
global,ALL,7,BPBBBBB,203,122,81,60.0985,39.9015,B,60.0985
global,ALL,7,PPPBPPP,203,98,105,48.2759,51.7241,P,51.7241
global,ALL,7,BPPPBBB,202,109,93,53.9604,46.0396,B,53.9604
global,ALL,7,PPPPBPP,202,83,119,41.0891,58.9109,P,58.9109
global,ALL,7,BBBBPPB,201,116,85,57.7114,42.2886,B,57.7114
global,ALL,7,BPPPPBB,200,107,93,53.5,46.5,B,53.5
global,ALL,7,PBBPPPP,200,89,111,44.5,55.5,P,55.5
global,ALL,7,PBBBBBP,199,93,106,46.7337,53.2663,P,53.2663
global,ALL,7,BBBPPPB,197,125,72,63.4518,36.5482,B,63.4518
global,ALL,7,PPPPBBP,196,73,123,37.2449,62.7551,P,62.7551
global,ALL,7,PPBPPPP,193,96,97,49.7409,50.2591,P,50.2591
global,ALL,7,BPPPBBP,180,65,115,36.1111,63.8889,P,63.8889
global,ALL,7,PPPPPBP,174,62,112,35.6322,64.3678,P,64.3678
global,ALL,7,PBBPPPB,172,99,73,57.5581,42.4419,B,57.5581
global,ALL,7,PBPPBBB,169,110,59,65.0888,34.9112,B,65.0888
global,ALL,7,PBBPBBB,166,86,80,51.8072,48.1928,B,51.8072
global,ALL,7,PPBBBPB,165,94,71,56.9697,43.0303,B,56.9697
global,ALL,7,PBBBPPB,164,107,57,65.2439,34.7561,B,65.2439
global,ALL,7,PPBPPPB,164,96,68,58.5366,41.4634,B,58.5366
global,ALL,7,PBPPPPP,163,78,85,47.8528,52.1472,P,52.1472
global,ALL,7,BBPPBPP,162,68,94,41.9753,58.0247,P,58.0247
global,ALL,7,BBPBBBP,161,58,103,36.0248,63.9752,P,63.9752
global,ALL,7,BPPBBPP,159,61,98,38.3648,61.6352,P,61.6352
global,ALL,7,PBPPPBB,159,94,65,59.1195,40.8805,B,59.1195
global,ALL,7,PPBPPBB,159,105,54,66.0377,33.9623,B,66.0377
global,ALL,7,BBBPBPP,157,78,79,49.6815,50.3185,P,50.3185
global,ALL,7,BPPBPPP,157,68,89,43.3121,56.6879,P,56.6879
global,ALL,7,BBBPBBP,155,71,84,45.8065,54.1935,P,54.1935
global,ALL,7,PPPBPPB,155,88,67,56.7742,43.2258,B,56.7742
global,ALL,7,BPBBBPP,154,78,76,50.6494,49.3506,B,50.6494
global,ALL,7,BPPBBBP,152,62,90,40.7895,59.2105,P,59.2105
global,ALL,7,BPPPBPP,151,74,77,49.0066,50.9934,P,50.9934
global,ALL,7,PPBBPPB,150,92,58,61.3333,38.6667,B,61.3333
global,ALL,7,BPBBBBP,149,60,89,40.2685,59.7315,P,59.7315
global,ALL,7,PBBBPBB,149,84,65,56.3758,43.6242,B,56.3758
global,ALL,7,BPPPPBP,148,61,87,41.2162,58.7838,P,58.7838
global,ALL,7,BBPPBBP,146,62,84,42.4658,57.5342,P,57.5342
global,ALL,7,BBPPPBP,144,57,87,39.5833,60.4167,P,60.4167
global,ALL,7,PBBBBPB,143,83,60,58.042,41.958,B,58.042
global,ALL,7,PPBBPBB,143,81,62,56.6434,43.3566,B,56.6434
global,ALL,7,BBPBPPP,141,69,72,48.9362,51.0638,P,51.0638
global,ALL,7,PPBPBBB,141,82,59,58.156,41.844,B,58.156
global,ALL,7,BBBPPBP,140,53,87,37.8571,62.1429,P,62.1429
global,ALL,7,PBBPPBB,140,85,55,60.7143,39.2857,B,60.7143
global,ALL,7,BBPBBPP,137,58,79,42.3358,57.6642,P,57.6642
global,ALL,7,PBPPPPB,136,82,54,60.2941,39.7059,B,60.2941
global,ALL,7,PPPBBPB,136,85,51,62.5,37.5,B,62.5
global,ALL,7,PPPBPBB,136,80,56,58.8235,41.1765,B,58.8235
global,ALL,7,BBBBPBP,135,52,83,38.5185,61.4815,P,61.4815
global,ALL,7,BPBPPBB,135,67,68,49.6296,50.3704,P,50.3704
global,ALL,7,BPBBPPP,134,57,77,42.5373,57.4627,P,57.4627
global,ALL,7,BBPBPPB,132,81,51,61.3636,38.6364,B,61.3636
global,ALL,7,PBPBBBB,130,83,47,63.8462,36.1538,B,63.8462
global,ALL,7,BPBBPBB,126,85,41,67.4603,32.5397,B,67.4603
global,ALL,7,PBPPBBP,124,46,78,37.0968,62.9032,P,62.9032
global,ALL,7,PPPPBPB,122,69,53,56.5574,43.4426,B,56.5574
global,ALL,7,BBPBBPB,120,74,46,61.6667,38.3333,B,61.6667
global,ALL,7,PBPPBPP,118,53,65,44.9153,55.0847,P,55.0847
global,ALL,7,BPPBPPB,117,72,45,61.5385,38.4615,B,61.5385
global,ALL,7,PBBBPBP,116,43,73,37.069,62.931,P,62.931
global,ALL,7,PBBPBPP,113,51,62,45.1327,54.8673,P,54.8673
global,ALL,7,PPBPPBP,113,42,71,37.1681,62.8319,P,62.8319
global,ALL,7,BPPBPBB,107,61,46,57.0093,42.9907,B,57.0093
global,ALL,7,PBPPPBP,106,42,64,39.6226,60.3774,P,60.3774
global,ALL,7,PPBPBBP,106,51,55,48.1132,51.8868,P,51.8868
global,ALL,7,BPBPPPP,105,41,64,39.0476,60.9524,P,60.9524
global,ALL,7,PBBPPBP,105,36,69,34.2857,65.7143,P,65.7143
global,ALL,7,BPBPPPB,104,62,42,59.6154,40.3846,B,59.6154
global,ALL,7,BPPBBPB,104,57,47,54.8077,45.1923,B,54.8077
global,ALL,7,BBPBPBB,101,47,54,46.5347,53.4653,P,53.4653
global,ALL,7,BPPPBPB,101,70,31,69.3069,30.6931,B,69.3069
global,ALL,7,PBBPBBP,101,48,53,47.5248,52.4752,P,52.4752
global,ALL,7,BPBBBPB,99,53,46,53.5354,46.4646,B,53.5354
global,ALL,7,PPBBPBP,99,43,56,43.4343,56.5657,P,56.5657
global,ALL,7,BPBBPPB,97,52,45,53.6082,46.3918,B,53.6082
global,ALL,7,BBBPBPB,94,57,37,60.6383,39.3617,B,60.6383
global,ALL,7,PBPBBPB,94,52,42,55.3191,44.6809,B,55.3191
global,ALL,7,PBPBBPP,94,37,57,39.3617,60.6383,P,60.6383
global,ALL,7,PBPBBBP,92,40,52,43.4783,56.5217,P,56.5217
global,ALL,7,BBPPBPB,90,54,36,60.0,40.0,B,60.0
global,ALL,7,BPBBPBP,88,30,58,34.0909,65.9091,P,65.9091
global,ALL,7,PPBPBPP,88,42,46,47.7273,52.2727,P,52.2727
global,ALL,7,PPPBPBP,86,36,50,41.8605,58.1395,P,58.1395
global,ALL,7,PBPBPPB,83,54,29,65.0602,34.9398,B,65.0602
global,ALL,7,BPBPBBP,79,43,36,54.4304,45.5696,B,54.4304
global,ALL,7,BPBPPBP,79,34,45,43.038,56.962,P,56.962
global,ALL,7,BPBPBBB,78,49,29,62.8205,37.1795,B,62.8205
global,ALL,7,PBBPBPB,75,45,30,60.0,40.0,B,60.0
global,ALL,7,PBPPBPB,75,52,23,69.3333,30.6667,B,69.3333
global,ALL,7,PBPBPPP,73,38,35,52.0548,47.9452,B,52.0548
global,ALL,7,BBPBPBP,66,24,42,36.3636,63.6364,P,63.6364
global,ALL,7,BPBPBPP,63,38,25,60.3175,39.6825,B,60.3175
global,ALL,7,BPPBPBP,58,20,38,34.4828,65.5172,P,65.5172
global,ALL,7,PBPBPBB,56,29,27,51.7857,48.2143,B,51.7857
global,ALL,7,PPBPBPB,55,32,23,58.1818,41.8182,B,58.1818
global,ALL,7,PBPBPBP,42,18,24,42.8571,57.1429,P,57.1429
global,ALL,7,BPBPBPB,41,22,19,53.6585,46.3415,B,53.6585
global,ALL,8,BBBBBBBB,225,137,88,60.8889,39.1111,B,60.8889
global,ALL,8,BBBBPPPP,173,73,100,42.1965,57.8035,P,57.8035
global,ALL,8,BBBPPPPP,171,76,95,44.4444,55.5556,P,55.5556
global,ALL,8,PBBBBBBB,164,85,79,51.8293,48.1707,B,51.8293
global,ALL,8,PPPPPBBB,163,79,84,48.4663,51.5337,P,51.5337
global,ALL,8,BBBBBBBP,162,72,90,44.4444,55.5556,P,55.5556
global,ALL,8,BBPPPPPP,159,79,80,49.6855,50.3145,P,50.3145
global,ALL,8,BBBBBBPP,157,66,91,42.0382,57.9618,P,57.9618
global,ALL,8,PPBBBBBB,156,93,63,59.6154,40.3846,B,59.6154
global,ALL,8,PPPPPPPP,149,65,84,43.6242,56.3758,P,56.3758
global,ALL,8,BBBBBPPP,146,53,93,36.3014,63.6986,P,63.6986
global,ALL,8,PPPBBPPP,145,66,79,45.5172,54.4828,P,54.4828
global,ALL,8,PPPPPPBB,140,83,57,59.2857,40.7143,B,59.2857
global,ALL,8,PPPPBBBB,139,78,61,56.1151,43.8849,B,56.1151
global,ALL,8,BPPBBBBB,138,82,56,59.4203,40.5797,B,59.4203
global,ALL,8,PPPBBBBB,136,74,62,54.4118,45.5882,B,54.4118
global,ALL,8,PPPPBBBP,136,64,72,47.0588,52.9412,P,52.9412
global,ALL,8,BBBPPBBB,134,77,57,57.4627,42.5373,B,57.4627
global,ALL,8,PPBBBPPP,131,56,75,42.7481,57.2519,P,57.2519
global,ALL,8,PPBBBBPP,128,50,78,39.0625,60.9375,P,60.9375
global,ALL,8,BBPPBBBB,127,78,49,61.4173,38.5827,B,61.4173
global,ALL,8,PBBBBPPP,126,50,76,39.6825,60.3175,P,60.3175
global,ALL,8,BBBBBPBB,125,73,52,58.4,41.6,B,58.4
global,ALL,8,BBPPPPPB,125,71,54,56.8,43.2,B,56.8
global,ALL,8,PPBBPPPP,125,56,69,44.8,55.2,P,55.2
global,ALL,8,PPPBBBPP,125,43,82,34.4,65.6,P,65.6
global,ALL,8,BPPPPPBB,124,80,44,64.5161,35.4839,B,64.5161
global,ALL,8,BPPPPPPP,124,60,64,48.3871,51.6129,P,51.6129
global,ALL,8,BBBBPBBB,122,79,43,64.7541,35.2459,B,64.7541
global,ALL,8,BBBPPPBB,122,56,66,45.9016,54.0984,P,54.0984
global,ALL,8,BBBPPPPB,122,68,54,55.7377,44.2623,B,55.7377
global,ALL,8,PPPPBBPP,122,45,77,36.8852,63.1148,P,63.1148
global,ALL,8,BBBPBBBB,121,58,63,47.9339,52.0661,P,52.0661
global,ALL,8,PPPPPPPB,121,73,48,60.3306,39.6694,B,60.3306
global,ALL,8,PBBBPPPP,120,49,71,40.8333,59.1667,P,59.1667
global,ALL,8,PPPPBPPP,118,59,59,50.0,50.0,B,50.0
global,ALL,8,BBPPPPBB,116,61,55,52.5862,47.4138,B,52.5862
global,ALL,8,BPBBBBBB,115,68,47,59.1304,40.8696,B,59.1304
global,ALL,8,BPPPPPPB,115,66,49,57.3913,42.6087,B,57.3913
global,ALL,8,PPBBBBBP,115,54,61,46.9565,53.0435,P,53.0435
global,ALL,8,BBBBPPBB,114,73,41,64.0351,35.9649,B,64.0351
global,ALL,8,BPPPBBPP,114,47,67,41.2281,58.7719,P,58.7719
global,ALL,8,BBPBBBBB,113,70,43,61.9469,38.0531,B,61.9469
global,ALL,8,PPBBPPPB,113,70,43,61.9469,38.0531,B,61.9469
global,ALL,8,BBBBBBPB,112,64,48,57.1429,42.8571,B,57.1429
global,ALL,8,BBPPPBBP,112,39,73,34.8214,65.1786,P,65.1786
global,ALL,8,PPPBBBBP,111,49,62,44.1441,55.8559,P,55.8559
global,ALL,8,PBBBBBBP,109,40,69,36.6972,63.3028,P,63.3028
global,ALL,8,PPPPPBPP,109,48,61,44.0367,55.9633,P,55.9633
global,ALL,8,PBPPBBBB,108,58,50,53.7037,46.2963,B,53.7037
global,ALL,8,BBBBBPPB,107,55,52,51.4019,48.5981,B,51.4019
global,ALL,8,BPPPPBBB,107,58,49,54.2056,45.7944,B,54.2056
global,ALL,8,PBBPPPPP,107,44,63,41.1215,58.8785,P,58.8785
global,ALL,8,BBPPPBBB,106,55,51,51.8868,48.1132,B,51.8868
global,ALL,8,BPPPBBBB,105,58,47,55.2381,44.7619,B,55.2381
global,ALL,8,PPPPPBBP,105,40,65,38.0952,61.9048,P,61.9048
global,ALL,8,BBBBPPPB,104,68,36,65.3846,34.6154,B,65.3846
global,ALL,8,PPBPPBBB,104,69,35,66.3462,33.6538,B,66.3462
global,ALL,8,PBBBBBPP,103,45,58,43.6893,56.3107,P,56.3107
global,ALL,8,PBBBPPBB,103,58,45,56.3107,43.6893,B,56.3107
global,ALL,8,BBPBBBBP,101,37,64,36.6337,63.3663,P,63.3663
global,ALL,8,PPPBPPPP,101,50,51,49.505,50.495,P,50.495
global,ALL,8,BBPBBBPP,100,51,49,51.0,49.0,B,51.0
global,ALL,8,BPPBBBBP,100,37,63,37.0,63.0,P,63.0
global,ALL,8,PPPBBBPB,97,60,37,61.8557,38.1443,B,61.8557
global,ALL,8,BPPBBPPP,96,48,48,50.0,50.0,B,50.0
global,ALL,8,PPPBPPPB,96,60,36,62.5,37.5,B,62.5
global,ALL,8,PPPPPPBP,96,38,58,39.5833,60.4167,P,60.4167
global,ALL,8,PBBPPPBB,95,49,46,51.5789,48.4211,B,51.5789
global,ALL,8,PPBPPPBB,95,62,33,65.2632,34.7368,B,65.2632
global,ALL,8,PPBPPPPP,95,48,47,50.5263,49.4737,B,50.5263
global,ALL,8,PPBPPPPB,94,58,36,61.7021,38.2979,B,61.7021
global,ALL,8,BBPPBPPP,92,44,48,47.8261,52.1739,P,52.1739
global,ALL,8,PBBBBBPB,92,59,33,64.1304,35.8696,B,64.1304
global,ALL,8,PPBBBPBB,92,48,44,52.1739,47.8261,B,52.1739
global,ALL,8,BBPPPPBP,91,39,52,42.8571,57.1429,P,57.1429
global,ALL,8,PBPPPBBB,91,49,42,53.8462,46.1538,B,53.8462
global,ALL,8,BPPPBBBP,90,37,53,41.1111,58.8889,P,58.8889
global,ALL,8,PPPBBPPB,90,55,35,61.1111,38.8889,B,61.1111
global,ALL,8,BBPPBBBP,89,38,51,42.6966,57.3034,P,57.3034
global,ALL,8,BPPPPBBP,89,33,56,37.0787,62.9213,P,62.9213
global,ALL,8,PPBBPPBB,89,51,38,57.3034,42.6966,B,57.3034
global,ALL,8,BPPBPPPP,88,45,43,51.1364,48.8636,B,51.1364
global,ALL,8,PBBBBPPB,88,58,30,65.9091,34.0909,B,65.9091
global,ALL,8,BBBPPBPP,87,35,52,40.2299,59.7701,P,59.7701
global,ALL,8,BPPBBBPP,87,38,49,43.6782,56.3218,P,56.3218
global,ALL,8,BPPPPBPP,87,33,54,37.931,62.069,P,62.069
global,ALL,8,PBBBPPPB,87,54,33,62.069,37.931,B,62.069
global,ALL,8,BBBBPBBP,86,39,47,45.3488,54.6512,P,54.6512
global,ALL,8,BBBPPBBP,86,38,48,44.186,55.814,P,55.814
global,ALL,8,BBPPPBPP,86,41,45,47.6744,52.3256,P,52.3256
global,ALL,8,BPBBBBPP,86,39,47,45.3488,54.6512,P,54.6512
global,ALL,8,PBBPPPPB,86,49,37,56.9767,43.0233,B,56.9767
global,ALL,8,PPPBPPBB,86,57,29,66.2791,33.7209,B,66.2791
global,ALL,8,PBBPBBBB,85,50,35,58.8235,41.1765,B,58.8235
global,ALL,8,PPBBBPPB,85,53,32,62.3529,37.6471,B,62.3529
global,ALL,8,BPBBPBBB,84,39,45,46.4286,53.5714,P,53.5714
global,ALL,8,PBBPPBBB,84,51,33,60.7143,39.2857,B,60.7143
global,ALL,8,PBPPPPPP,84,37,47,44.0476,55.9524,P,55.9524
global,ALL,8,PPBBBBPB,84,53,31,63.0952,36.9048,B,63.0952
global,ALL,8,BBBBPPBP,83,31,52,37.3494,62.6506,P,62.6506
global,ALL,8,PBBBPBBB,83,47,36,56.6265,43.3735,B,56.6265
global,ALL,8,BBBBPBPP,82,44,38,53.6585,46.3415,B,53.6585
global,ALL,8,BBPPBBPP,82,33,49,40.2439,59.7561,P,59.7561
global,ALL,8,PPPBBPBB,82,48,34,58.5366,41.4634,B,58.5366
global,ALL,8,BBBPBBPP,81,35,46,43.2099,56.7901,P,56.7901
global,ALL,8,PBPBBBBB,81,48,33,59.2593,40.7407,B,59.2593
global,ALL,8,PBPPPPBB,81,45,36,55.5556,44.4444,B,55.5556
global,ALL,8,PPPPBPPB,81,44,37,54.321,45.679,B,54.321
global,ALL,8,BBPBPPBB,80,43,37,53.75,46.25,B,53.75
global,ALL,8,PBBBBPBB,80,48,32,60.0,40.0,B,60.0
global,ALL,8,PBBPBBBP,80,28,52,35.0,65.0,P,65.0
global,ALL,8,PPBPBBBB,80,48,32,60.0,40.0,B,60.0
global,ALL,8,BBPBBPPP,79,35,44,44.3038,55.6962,P,55.6962
global,ALL,8,BPBBBBBP,79,37,42,46.8354,53.1646,P,53.1646
global,ALL,8,BBBPBBBP,78,29,49,37.1795,62.8205,P,62.8205
global,ALL,8,BBBPBPPB,78,47,31,60.2564,39.7436,B,60.2564
global,ALL,8,PBPPPPPB,78,52,26,66.6667,33.3333,B,66.6667
global,ALL,8,PPPBPBBB,78,48,30,61.5385,38.4615,B,61.5385
global,ALL,8,BBBBBPBP,77,27,50,35.0649,64.9351,P,64.9351
global,ALL,8,BBBPBPPP,77,37,40,48.0519,51.9481,P,51.9481
global,ALL,8,BPPPBPPP,77,35,42,45.4545,54.5455,P,54.5455
global,ALL,8,PPBBPBBB,77,43,34,55.8442,44.1558,B,55.8442
global,ALL,8,BPBBBPPB,76,52,24,68.4211,31.5789,B,68.4211
global,ALL,8,PBPPBBPP,76,27,49,35.5263,64.4737,P,64.4737
global,ALL,8,BPBBBPPP,75,32,43,42.6667,57.3333,P,57.3333
global,ALL,8,BPBBPPPP,75,33,42,44.0,56.0,P,56.0
global,ALL,8,BPPPPPBP,75,22,53,29.3333,70.6667,P,70.6667
global,ALL,8,BBPBBPBB,73,51,22,69.863,30.137,B,69.863
global,ALL,8,BPPPBPPB,72,42,30,58.3333,41.6667,B,58.3333
global,ALL,8,PPPPBBPB,72,41,31,56.9444,43.0556,B,56.9444
global,ALL,8,PBBBPBPP,71,31,40,43.662,56.338,P,56.338
global,ALL,8,PBBPPPBP,71,31,40,43.662,56.338,P,56.338
global,ALL,8,BBBPBBPB,70,42,28,60.0,40.0,B,60.0
global,ALL,8,BBBPPPBP,70,25,45,35.7143,64.2857,P,64.2857
global,ALL,8,BBPBPPPP,70,27,43,38.5714,61.4286,P,61.4286
global,ALL,8,BPPBPPBB,70,46,24,65.7143,34.2857,B,65.7143
global,ALL,8,PPBPPBPP,70,33,37,47.1429,52.8571,P,52.8571
global,ALL,8,PPBBBPBP,69,21,48,30.4348,69.5652,P,69.5652
global,ALL,8,PPPPBPBB,68,45,23,66.1765,33.8235,B,66.1765
global,ALL,8,PBBPPBPP,67,31,36,46.2687,53.7313,P,53.7313
global,ALL,8,PPPBPPBP,67,26,41,38.806,61.194,P,61.194
global,ALL,8,BBPBPPPB,66,40,26,60.6061,39.3939,B,60.6061
global,ALL,8,BBPPBPPB,66,46,20,69.697,30.303,B,69.697
global,ALL,8,BPBPPBBP,66,22,44,33.3333,66.6667,P,66.6667
global,ALL,8,BPPBPPPB,66,35,31,53.0303,46.9697,B,53.0303
global,ALL,8,BPPPBPBB,66,33,33,50.0,50.0,B,50.0
global,ALL,8,PPBPPPBP,65,31,34,47.6923,52.3077,P,52.3077
global,ALL,8,BPBPPBBB,64,41,23,64.0625,35.9375,B,64.0625
global,ALL,8,PBBBPBBP,64,31,33,48.4375,51.5625,P,51.5625
global,ALL,8,PBPPBPPP,64,24,40,37.5,62.5,P,62.5
global,ALL,8,PBPPPBBP,64,24,40,37.5,62.5,P,62.5
global,ALL,8,PBPPPBPP,63,33,30,52.381,47.619,B,52.381
global,ALL,8,BPBPPPPP,62,26,36,41.9355,58.0645,P,58.0645
global,ALL,8,BPPPBBPB,62,43,19,69.3548,30.6452,B,69.3548
global,ALL,8,BPBPPPBB,61,31,30,50.8197,49.1803,B,50.8197
global,ALL,8,BPPBBBPB,61,32,29,52.459,47.541,B,52.459
global,ALL,8,PPPPPBPB,61,38,23,62.2951,37.7049,B,62.2951
global,ALL,8,BPPBBPPB,60,37,23,61.6667,38.3333,B,61.6667
global,ALL,8,PBBPBPPP,60,29,31,48.3333,51.6667,P,51.6667
global,ALL,8,BPPBPBBB,59,32,27,54.2373,45.7627,B,54.2373
global,ALL,8,BPPPPBPB,59,30,29,50.8475,49.1525,B,50.8475
global,ALL,8,PPBPBBBP,59,26,33,44.0678,55.9322,P,55.9322
global,ALL,8,PBPPBBBP,58,23,35,39.6552,60.3448,P,60.3448
global,ALL,8,BBBPBPBB,57,24,33,42.1053,57.8947,P,57.8947
global,ALL,8,BBPBBBPB,57,31,26,54.386,45.614,B,54.386
global,ALL,8,BBPBBPPB,57,27,30,47.3684,52.6316,P,52.6316
global,ALL,8,BBPPBBPB,57,31,26,54.386,45.614,B,54.386
global,ALL,8,BPBBBBPB,57,29,28,50.8772,49.1228,B,50.8772
global,ALL,8,BPPBBPBB,57,32,25,56.1404,43.8596,B,56.1404
global,ALL,8,PPBBPBBP,57,33,24,57.8947,42.1053,B,57.8947
global,ALL,8,BBPPPBPB,56,37,19,66.0714,33.9286,B,66.0714
global,ALL,8,BPBBPBPP,56,25,31,44.6429,55.3571,P,55.3571
global,ALL,8,BPBBPPPB,56,28,28,50.0,50.0,B,50.0
global,ALL,8,PBBBPPBP,56,21,35,37.5,62.5,P,62.5
global,ALL,8,PPBBPPBP,56,19,37,33.9286,66.0714,P,66.0714
global,ALL,8,PBBBBPBP,55,23,32,41.8182,58.1818,P,58.1818
global,ALL,8,PPBBPBPP,55,24,31,43.6364,56.3636,P,56.3636
global,ALL,8,PPPBPBBP,55,28,27,50.9091,49.0909,B,50.9091
global,ALL,8,BBPPBPBB,54,32,22,59.2593,40.7407,B,59.2593
global,ALL,8,PBBPPBBP,54,21,33,38.8889,61.1111,P,61.1111
global,ALL,8,PBPBBPPP,54,21,33,38.8889,61.1111,P,61.1111
global,ALL,8,PBPBPPBB,54,23,31,42.5926,57.4074,P,57.4074
global,ALL,8,PBPPPPBP,54,20,34,37.037,62.963,P,62.963
global,ALL,8,PPBPBBPP,54,21,33,38.8889,61.1111,P,61.1111
global,ALL,8,PPBPPBBP,54,23,31,42.5926,57.4074,P,57.4074
global,ALL,8,BBBPPBPB,53,31,22,58.4906,41.5094,B,58.4906
global,ALL,8,BPBBBPBB,52,33,19,63.4615,36.5385,B,63.4615
global,ALL,8,PBPBBPBB,52,33,19,63.4615,36.5385,B,63.4615
global,ALL,8,PBPPBPBB,52,28,24,53.8462,46.1538,B,53.8462
global,ALL,8,PPPPBPBP,52,21,31,40.3846,59.6154,P,59.6154
global,ALL,8,BBPBPBBP,51,31,20,60.7843,39.2157,B,60.7843
global,ALL,8,BPBBPPBB,51,34,17,66.6667,33.3333,B,66.6667
global,ALL,8,PBBPBBPP,51,21,30,41.1765,58.8235,P,58.8235
global,ALL,8,PPPBBPBP,51,19,32,37.2549,62.7451,P,62.7451
global,ALL,8,BBBBPBPB,50,30,20,60.0,40.0,B,60.0
global,ALL,8,BBPBPPBP,50,20,30,40.0,60.0,P,60.0
global,ALL,8,PBBPBPPB,50,32,18,64.0,36.0,B,64.0
global,ALL,8,PBPPBPPB,50,26,24,52.0,48.0,B,52.0
global,ALL,8,PPBPBBPB,50,31,19,62.0,38.0,B,62.0
global,ALL,8,BPBPBBBB,49,34,15,69.3878,30.6122,B,69.3878
global,ALL,8,PBPBBBPP,49,25,24,51.0204,48.9796,B,51.0204
global,ALL,8,PBBPBBPB,47,29,18,61.7021,38.2979,B,61.7021
global,ALL,8,BBPBPBBB,46,29,17,63.0435,36.9565,B,63.0435
global,ALL,8,PPBPBPPP,46,24,22,52.1739,47.8261,B,52.1739
global,ALL,8,PPPBPBPP,46,20,26,43.4783,56.5217,P,56.5217
global,ALL,8,BPBBBPBP,45,20,25,44.4444,55.5556,P,55.5556
global,ALL,8,BPBBPPBP,45,15,30,33.3333,66.6667,P,66.6667
global,ALL,8,BPBPPBPP,45,17,28,37.7778,62.2222,P,62.2222
global,ALL,8,BPPBBPBP,45,22,23,48.8889,51.1111,P,51.1111
global,ALL,8,BPPBPPBP,45,16,29,35.5556,64.4444,P,64.4444
global,ALL,8,PBPBBBBP,45,20,25,44.4444,55.5556,P,55.5556
global,ALL,8,BPPBPBBP,44,20,24,45.4545,54.5455,P,54.5455
global,ALL,8,PBPPBBPB,44,25,19,56.8182,43.1818,B,56.8182
global,ALL,8,BBPBBPBP,43,14,29,32.5581,67.4419,P,67.4419
global,ALL,8,PBBPBPBB,43,22,21,51.1628,48.8372,B,51.1628
global,ALL,8,BPBPBBPB,42,19,23,45.2381,54.7619,P,54.7619
global,ALL,8,PBBBPBPB,42,26,16,61.9048,38.0952,B,61.9048
global,ALL,8,PPBBPBPB,42,25,17,59.5238,40.4762,B,59.5238
global,ALL,8,PPBPBPPB,42,24,18,57.1429,42.8571,B,57.1429
global,ALL,8,BPBBPBBP,41,14,27,34.1463,65.8537,P,65.8537
global,ALL,8,BPBPPPBP,41,11,30,26.8293,73.1707,P,73.1707
global,ALL,8,PBPBBPBP,41,15,26,36.5854,63.4146,P,63.4146
global,ALL,8,BPBPPPPB,40,23,17,57.5,42.5,B,57.5
global,ALL,8,PBPPPBPB,40,31,9,77.5,22.5,B,77.5
global,ALL,8,PPBPPBPB,40,30,10,75.0,25.0,B,75.0
global,ALL,8,BBPBPBPP,39,24,15,61.5385,38.4615,B,61.5385
global,ALL,8,PBPBBBPB,39,21,18,53.8462,46.1538,B,53.8462
global,ALL,8,BPPBPBPP,38,20,18,52.6316,47.3684,B,52.6316
global,ALL,8,BBBPBPBP,37,13,24,35.1351,64.8649,P,64.8649
global,ALL,8,BPBPBPPB,37,29,8,78.3784,21.6216,B,78.3784
global,ALL,8,BPBPBBPP,36,15,21,41.6667,58.3333,P,58.3333
global,ALL,8,PBPBBPPB,36,23,13,63.8889,36.1111,B,63.8889
global,ALL,8,BBPPBPBP,35,11,24,31.4286,68.5714,P,68.5714
global,ALL,8,PBBPPBPB,35,22,13,62.8571,37.1429,B,62.8571
global,ALL,8,PBPBPPPB,35,20,15,57.1429,42.8571,B,57.1429
global,ALL,8,PBPBPPPP,35,14,21,40.0,60.0,P,60.0
global,ALL,8,PPPBPBPB,35,23,12,65.7143,34.2857,B,65.7143
global,ALL,8,BPBPPBPB,34,21,13,61.7647,38.2353,B,61.7647
global,ALL,8,PPBPBPBB,32,17,15,53.125,46.875,B,53.125
global,ALL,8,BPPPBPBP,31,14,17,45.1613,54.8387,P,54.8387
global,ALL,8,BPBBPBPB,30,18,12,60.0,40.0,B,60.0
global,ALL,8,PBBPBPBP,29,11,18,37.931,62.069,P,62.069
global,ALL,8,PBPBPBBB,29,19,10,65.5172,34.4828,B,65.5172
global,ALL,8,PBPBPPBP,29,14,15,48.2759,51.7241,P,51.7241
global,ALL,8,BPBPBBBP,28,12,16,42.8571,57.1429,P,57.1429
global,ALL,8,PBPBPBBP,27,11,16,40.7407,59.2593,P,59.2593
global,ALL,8,BPBPBPPP,25,13,12,52.0,48.0,B,52.0
global,ALL,8,PBPBPBPP,24,14,10,58.3333,41.6667,B,58.3333
global,ALL,8,PBPPBPBP,23,9,14,39.1304,60.8696,P,60.8696
global,ALL,8,BBPBPBPB,22,15,7,68.1818,31.8182,B,68.1818
global,ALL,8,BPBPBPBB,22,12,10,54.5455,45.4545,B,54.5455
global,ALL,8,PPBPBPBP,22,12,10,54.5455,45.4545,B,54.5455
global,ALL,8,BPBPBPBP,19,6,13,31.5789,68.4211,P,68.4211
global,ALL,8,BPPBPBPB,19,8,11,42.1053,57.8947,P,57.8947
global,ALL,8,PBPBPBPB,18,7,11,38.8889,61.1111,P,61.1111
